{"stats":{"minecraft:killed":{"minecraft:pig":4,"minecraft:spider":1,"minecraft:sheep":17,"minecraft:skeleton":5,"minecraft:cow":23},"minecraft:dropped":{"minecraft:wheat_seeds":5,"minecraft:chiseled_quartz_block":10,"minecraft:light_gray_concrete":7,"minecraft:sandstone_wall":1,"minecraft:redstone_lamp":9,"minecraft:repeater":1,"minecraft:smooth_quartz":11,"minecraft:red_tulip":1,"minecraft:wooden_pickaxe":1,"minecraft:stone_pickaxe":1,"minecraft:arrow":5,"minecraft:string":2},"minecraft:custom":{"minecraft:interact_with_furnace":3,"minecraft:mob_kills":50,"minecraft:interact_with_crafting_table":8,"minecraft:open_barrel":7,"minecraft:bell_ring":1,"minecraft:time_since_death":33560,"minecraft:sleep_in_bed":3,"minecraft:climb_one_cm":24436,"minecraft:time_since_rest":1901,"minecraft:sprint_one_cm":167700,"minecraft:damage_taken":757,"minecraft:walk_one_cm":88001,"minecraft:drop":13,"minecraft:damage_dealt":5849,"minecraft:swim_one_cm":33686,"minecraft:fly_one_cm":335799,"minecraft:open_chest":18,"minecraft:crouch_one_cm":4548,"minecraft:play_time":48000,"minecraft:deaths":1,"minecraft:sneak_time":1843,"minecraft:walk_under_water_one_cm":2277,"minecraft:jump":1343,"minecraft:walk_on_water_one_cm":4739,"minecraft:total_world_time":48000,"minecraft:fall_one_cm":37741,"minecraft:inspect_dispenser":1},"minecraft:used":{"minecraft:iron_shovel":40,"minecraft:baked_potato":2,"minecraft:wooden_pickaxe":32,"minecraft:iron_sword":28,"minecraft:iron_chestplate":1,"minecraft:torch":6,"minecraft:dirt":67,"minecraft:mutton":2,"minecraft:crafting_table":4,"minecraft:white_bed":4,"minecraft:acacia_sapling":1,"minecraft:chiseled_quartz_block":1,"minecraft:light_gray_concrete":2,"minecraft:bread":7,"minecraft:iron_pickaxe":94,"minecraft:iron_helmet":1,"minecraft:smooth_quartz":3,"minecraft:stone_axe":88,"minecraft:cobblestone":5,"minecraft:beef":15,"minecraft:cooked_cod":1,"minecraft:porkchop":4,"minecraft:acacia_planks":20,"minecraft:experience_bottle":4},"minecraft:broken":{"minecraft:stone_axe":1},"minecraft:picked_up":{"minecraft:crafting_table":3,"minecraft:repeater":1,"minecraft:orange_carpet":1,"minecraft:leather":31,"minecraft:chiseled_quartz_block":12,"minecraft:wooden_pickaxe":1,"minecraft:oak_log":14,"minecraft:dirt":88,"minecraft:string":4,"minecraft:iron_shovel":1,"minecraft:bone":6,"minecraft:wheat_seeds":9,"minecraft:beef":73,"minecraft:iron_ingot":2,"minecraft:player_head":1,"minecraft:smooth_quartz":14,"minecraft:iron_pickaxe":1,"minecraft:sugar_cane":14,"minecraft:coal_block":12,"minecraft:oak_planks":8,"minecraft:acacia_sapling":1,"minecraft:furnace":8,"minecraft:iron_boots":1,"minecraft:book":48,"minecraft:stick":6,"minecraft:torch":6,"minecraft:acacia_log":5,"minecraft:sandstone_wall":1,"minecraft:porkchop":9,"minecraft:white_bed":3,"minecraft:light_gray_concrete":11,"minecraft:dispenser":1,"minecraft:arrow":5,"minecraft:stone_axe":1,"minecraft:hay_block":19,"minecraft:iron_helmet":1,"minecraft:red_tulip":1,"minecraft:bread":3,"minecraft:lodestone":1,"minecraft:baked_potato":5,"minecraft:mutton":42,"minecraft:coal":3,"minecraft:white_wool":20,"minecraft:cobblestone":20},"minecraft:mined":{"minecraft:white_bed":3,"minecraft:gray_concrete":12,"minecraft:chiseled_quartz_block":13,"minecraft:crafting_table":3,"minecraft:acacia_log":5,"minecraft:grass_block":43,"minecraft:white_stained_glass_pane":2,"minecraft:mushroom_stem":14,"minecraft:coal_block":8,"minecraft:sugar_cane":3,"minecraft:spawner":6,"minecraft:hay_block":16,"minecraft:black_stained_glass_pane":3,"minecraft:furnace":6,"minecraft:light_gray_stained_glass":3,"minecraft:lodestone":1,"minecraft:red_tulip":1,"minecraft:grass":28,"minecraft:bookshelf":8,"minecraft:oak_log":10,"minecraft:light_gray_concrete":9,"minecraft:smooth_quartz":16,"minecraft:dirt":45,"minecraft:sandstone_wall":1,"minecraft:stone":14,"minecraft:dispenser":1,"minecraft:oak_leaves":3},"minecraft:crafted":{"minecraft:oak_planks":40,"minecraft:crafting_table":2,"minecraft:wooden_pickaxe":1,"minecraft:iron_sword":1,"minecraft:stone_axe":1,"minecraft:iron_chestplate":1,"minecraft:shield":1,"minecraft:stick":12,"minecraft:stone_pickaxe":1,"minecraft:iron_shovel":1,"minecraft:white_bed":1,"minecraft:acacia_planks":20,"minecraft:torch":4}},"DataVersion":3465}