{"stats":{"minecraft:killed":{"minecraft:iron_golem":1,"minecraft:skeleton":1,"minecraft:zombie":2,"minecraft:chicken":3},"minecraft:dropped":{"minecraft:cobbled_deepslate":61,"minecraft:feather":5},"minecraft:custom":{"minecraft:interact_with_furnace":1,"minecraft:mob_kills":7,"minecraft:interact_with_crafting_table":9,"minecraft:leave_game":1,"minecraft:time_since_death":28826,"minecraft:sleep_in_bed":2,"minecraft:time_since_rest":1949,"minecraft:sprint_one_cm":64909,"minecraft:damage_taken":1002,"minecraft:walk_one_cm":45008,"minecraft:drop":6,"minecraft:damage_dealt":1924,"minecraft:swim_one_cm":8467,"minecraft:fly_one_cm":113721,"minecraft:open_chest":3,"minecraft:crouch_one_cm":30644,"minecraft:play_time":45989,"minecraft:deaths":2,"minecraft:sneak_time":15430,"minecraft:walk_under_water_one_cm":16647,"minecraft:jump":597,"minecraft:walk_on_water_one_cm":1847,"minecraft:total_world_time":45989,"minecraft:fall_one_cm":16003},"minecraft:used":{"minecraft:diorite":3,"minecraft:diamond_axe":1,"minecraft:orange_bed":4,"minecraft:dirt":2,"minecraft:crafting_table":7,"minecraft:diamond_helmet":1,"minecraft:granite":8,"minecraft:redstone_torch":5,"minecraft:diamond_pickaxe":607,"minecraft:acacia_door":5,"minecraft:bread":6,"minecraft:chicken":1,"minecraft:melon_slice":20,"minecraft:iron_pickaxe":191,"minecraft:diamond_sword":6,"minecraft:wooden_sword":45,"minecraft:cobblestone":1,"minecraft:hay_block":8,"minecraft:furnace":1,"minecraft:cobbled_deepslate":66,"minecraft:acacia_planks":6},"minecraft:killed_by":{"minecraft:iron_golem":1},"minecraft:picked_up":{"minecraft:crafting_table":7,"minecraft:feather":10,"minecraft:chicken":9,"minecraft:flint":3,"minecraft:tuff":57,"minecraft:dirt":2,"minecraft:acacia_door":4,"minecraft:wooden_sword":2,"minecraft:acacia_planks":34,"minecraft:cobbled_deepslate":515,"minecraft:iron_ingot":3,"minecraft:redstone_torch":2,"minecraft:player_head":3,"minecraft:poppy":4,"minecraft:iron_pickaxe":1,"minecraft:melon_slice":143,"minecraft:furnace":1,"minecraft:stick":5,"minecraft:raw_iron":64,"minecraft:acacia_log":7,"minecraft:gravel":32,"minecraft:diorite":7,"minecraft:redstone":37,"minecraft:leather_helmet":1,"minecraft:orange_bed":6,"minecraft:rotten_flesh":6,"minecraft:diamond":74,"minecraft:hay_block":49,"minecraft:granite":17,"minecraft:bread":79,"minecraft:obsidian":3,"minecraft:cobblestone":113},"minecraft:mined":{"minecraft:deepslate_redstone_ore":8,"minecraft:diamond_ore":1,"minecraft:tuff":57,"minecraft:acacia_leaves":1,"minecraft:deepslate_diamond_ore":73,"minecraft:obsidian":3,"minecraft:crafting_table":7,"minecraft:granite":9,"minecraft:acacia_log":9,"minecraft:grass_block":1,"minecraft:melon":14,"minecraft:diorite":4,"minecraft:hay_block":30,"minecraft:furnace":1,"minecraft:iron_ore":25,"minecraft:grass":18,"minecraft:deepslate_iron_ore":14,"minecraft:gravel":22,"minecraft:acacia_door":2,"minecraft:dirt":1,"minecraft:stone":70,"minecraft:redstone_wall_torch":1,"minecraft:deepslate":513,"minecraft:orange_bed":5},"minecraft:crafted":{"minecraft:wooden_sword":1,"minecraft:diamond_sword":1,"minecraft:diamond_axe":1,"minecraft:crafting_table":2,"minecraft:furnace":1,"minecraft:bread":66,"minecraft:diamond_helmet":1,"minecraft:diamond_leggings":1,"minecraft:diamond_pickaxe":1,"minecraft:stick":12,"minecraft:iron_pickaxe":1,"minecraft:diamond_boots":1,"minecraft:acacia_door":3,"minecraft:redstone_torch":3,"minecraft:acacia_planks":28,"minecraft:diamond_chestplate":1,"minecraft:wheat":198}},"DataVersion":3465}