{"stats":{"minecraft:dropped":{"minecraft:wheat_seeds":1},"minecraft:custom":{"minecraft:time_since_rest":5801,"minecraft:sprint_one_cm":64324,"minecraft:damage_taken":50,"minecraft:walk_one_cm":49940,"minecraft:drop":1,"minecraft:swim_one_cm":15845,"minecraft:interact_with_crafting_table":3,"minecraft:fly_one_cm":135202,"minecraft:open_barrel":2,"minecraft:open_chest":6,"minecraft:crouch_one_cm":304,"minecraft:play_time":27723,"minecraft:interact_with_campfire":18,"minecraft:sneak_time":330,"minecraft:walk_under_water_one_cm":7239,"minecraft:boat_one_cm":223785,"minecraft:jump":628,"minecraft:leave_game":1,"minecraft:walk_on_water_one_cm":6158,"minecraft:time_since_death":27723,"minecraft:sleep_in_bed":5,"minecraft:climb_one_cm":388,"minecraft:total_world_time":27723,"minecraft:fall_one_cm":15484},"minecraft:used":{"minecraft:lever":1,"minecraft:cyan_bed":1,"minecraft:blue_orchid":2,"minecraft:bread":1,"minecraft:iron_pickaxe":1,"minecraft:salmon":1,"minecraft:sand":20,"minecraft:dirt":2,"minecraft:crafting_table":2,"minecraft:cooked_porkchop":2,"minecraft:oak_boat":4},"minecraft:picked_up":{"minecraft:crafting_table":2,"minecraft:cooked_beef":2,"minecraft:cooked_porkchop":2,"minecraft:sand":40,"minecraft:oak_log":6,"minecraft:cyan_bed":2,"minecraft:dirt":2,"minecraft:cooked_mutton":14,"minecraft:wheat_seeds":1,"minecraft:lever":1,"minecraft:hay_block":3,"minecraft:oak_boat":4,"minecraft:sugar_cane":10,"minecraft:cobblestone":1},"minecraft:crafted":{"minecraft:oak_boat":1,"minecraft:oak_planks":16,"minecraft:crafting_table":1,"minecraft:stick":8,"minecraft:iron_pickaxe":1,"minecraft:iron_ingot":1,"minecraft:iron_sword":1,"minecraft:lever":1,"minecraft:bread":9,"minecraft:wheat":27},"minecraft:mined":{"minecraft:hay_block":3,"minecraft:crafting_table":2,"minecraft:lever":1,"minecraft:grass_block":2,"minecraft:oak_log":6,"minecraft:sand":23,"minecraft:cobblestone":1,"minecraft:cyan_bed":2,"minecraft:sugar_cane":4}},"DataVersion":3465}