{"stats":{"minecraft:dropped":{"minecraft:wheat_seeds":2},"minecraft:killed":{"minecraft:sheep":4,"minecraft:pig":1,"minecraft:cow":2},"minecraft:custom":{"minecraft:time_since_rest":3419,"minecraft:interact_with_furnace":16,"minecraft:sprint_one_cm":78709,"minecraft:damage_taken":319,"minecraft:walk_one_cm":276081,"minecraft:damage_blocked_by_shield":45,"minecraft:mob_kills":8,"minecraft:drop":2,"minecraft:damage_dealt":719,"minecraft:interact_with_crafting_table":12,"minecraft:swim_one_cm":7025,"minecraft:talked_to_villager":1,"minecraft:fly_one_cm":170239,"minecraft:open_barrel":2,"minecraft:open_chest":9,"minecraft:crouch_one_cm":5371,"minecraft:play_time":56896,"minecraft:deaths":2,"minecraft:sneak_time":1357,"minecraft:walk_under_water_one_cm":1972,"minecraft:damage_dealt_resisted":5376,"minecraft:jump":848,"minecraft:leave_game":3,"minecraft:walk_on_water_one_cm":11116,"minecraft:time_since_death":8570,"minecraft:sleep_in_bed":1,"minecraft:total_world_time":56896,"minecraft:fall_one_cm":21692},"minecraft:used":{"minecraft:wooden_axe":5,"minecraft:leather_leggings":1,"minecraft:bread":1,"minecraft:stone_pickaxe":14,"minecraft:leather_helmet":1,"minecraft:shield":1,"minecraft:wooden_pickaxe":37,"minecraft:dirt":7,"minecraft:crafting_table":8,"minecraft:cooked_porkchop":1,"minecraft:furnace":4,"minecraft:cooked_beef":1},"minecraft:picked_up":{"minecraft:raw_iron":9,"minecraft:crafting_table":6,"minecraft:pumpkin":15,"minecraft:leather":2,"minecraft:acacia_log":15,"minecraft:porkchop":1,"minecraft:oak_log":7,"minecraft:diorite":1,"minecraft:dirt":7,"minecraft:wheat_seeds":4,"minecraft:hay_block":33,"minecraft:beef":3,"minecraft:granite":3,"minecraft:melon_seeds":1,"minecraft:sugar_cane":19,"minecraft:mutton":6,"minecraft:coal":47,"minecraft:white_wool":4,"minecraft:cobblestone":18,"minecraft:furnace":4},"minecraft:mined":{"minecraft:hay_block":33,"minecraft:acacia_leaves":3,"minecraft:furnace":4,"minecraft:iron_ore":9,"minecraft:pumpkin":15,"minecraft:crafting_table":6,"minecraft:granite":3,"minecraft:grass":23,"minecraft:acacia_log":13,"minecraft:oak_log":7,"minecraft:grass_block":4,"minecraft:coal_ore":13,"minecraft:dirt":2,"minecraft:stone":18,"minecraft:sugar_cane":10,"minecraft:oak_leaves":1,"minecraft:diorite":1},"minecraft:crafted":{"minecraft:cooked_beef":3,"minecraft:oak_planks":28,"minecraft:cooked_porkchop":1,"minecraft:shield":1,"minecraft:crafting_table":4,"minecraft:stick":20,"minecraft:iron_ingot":9,"minecraft:wooden_pickaxe":2,"minecraft:stone_pickaxe":1,"minecraft:wooden_axe":1,"minecraft:furnace":1,"minecraft:white_bed":1,"minecraft:acacia_planks":60,"minecraft:air":0}},"DataVersion":3465}